title,email,degree_program,clickUri,website
Alabama A&M University: Bachelor of Science (BS),Diana.billings@aamu.edu,Undergraduate Degree,https://apps.asha.org/eweb/ashadynamicpage.aspx?efk=23637a84-085e-4ee3-ab54-84b81af413ff&efp=500&site=ashacms&webcode=edfinddetail,
Appalachian State University: Bachelor of Science (BS),mcculloughkc@appstate.edu,Undergraduate Degree,https://apps.asha.org/eweb/ashadynamicpage.aspx?efk=e3f14289-e869-419c-9a4b-fadb1232f5a1&efp=279&site=ashacms&webcode=edfinddetail,
Arkansas State University: Bachelor of Science (BS),ashollenbarger@astate.edu,Undergraduate Degree,https://apps.asha.org/eweb/ashadynamicpage.aspx?efk=1f01b8e3-1e50-4317-975a-3fe444174d66&efp=102&site=ashacms&webcode=edfinddetail,
Butler University: Bachelor of Arts (BA),collegeofcom@butler.edu,Undergraduate Degree,https://apps.asha.org/eweb/ashadynamicpage.aspx?efk=cdd5b257-3033-4741-b573-8993acd1744b&efp=459&site=ashacms&webcode=edfinddetail,
"California State University, Chico: Bachelor of Science (BS)",PArmocido@csuchico.edu,Undergraduate Degree,https://apps.asha.org/eweb/ashadynamicpage.aspx?efk=90285357-7782-4909-a9e9-e201011a8da9&efp=220&site=ashacms&webcode=edfinddetail,
"California State University, Long Beach: Bachelor of Arts (BA)",Ruben.Perez@csulb.edu,Undergraduate Degree,https://apps.asha.org/eweb/ashadynamicpage.aspx?efk=c92d1f64-ff08-453c-9e9a-fc050204b9e5&efp=84&site=ashacms&webcode=edfinddetail,
Central Michigan University: Bachelor of Science (BS),velgu1sn@cmich.edu,Undergraduate Degree,https://apps.asha.org/eweb/ashadynamicpage.aspx?efk=74bfc284-e310-4e02-85dd-b3276023b886&efp=997&site=ashacms&webcode=edfinddetail,
Central Michigan University: Other bachelor’s degree with a major in the field of communication sciences and disorders (Other),velgu1sn@cmich.edu,Undergraduate Degree,https://apps.asha.org/eweb/ashadynamicpage.aspx?efk=74bfc284-e310-4e02-85dd-b3276023b886&efp=998&site=ashacms&webcode=edfinddetail,
College of Wooster: Bachelor of Arts (BA),jfurey@wooster.edu,Undergraduate Degree,https://apps.asha.org/eweb/ashadynamicpage.aspx?efk=153a01f5-e543-40e9-9a59-f080c5bcc8fc&efp=45&site=ashacms&webcode=edfinddetail,
"CUNY, Queens College: Bachelor of Arts (BA)",Patricia.McCaul@qc.cuny.edu,Undergraduate Degree,https://apps.asha.org/eweb/ashadynamicpage.aspx?efk=e4e32bbd-06a5-49e0-9101-111da1dc176d&efp=680&site=ashacms&webcode=edfinddetail,
Fontbonne University: Bachelor of Science (BS),kbrumbaugh@fontbonne.edu,Undergraduate Degree,https://apps.asha.org/eweb/ashadynamicpage.aspx?efk=13d22e8d-9788-402d-969b-83095e185aaf&efp=385&site=ashacms&webcode=edfinddetail,
Freed-Hardeman University: Bachelor of Science (BS),,Undergraduate Degree,https://apps.asha.org/eweb/ashadynamicpage.aspx?efk=1bc1cd8e-73ad-411b-8684-8ed8f88a611f&efp=964&site=ashacms&webcode=edfinddetail,
Hampton University: Bachelor of Arts (BA),Jessica.sullivan@hamptonu.edu,Undergraduate Degree,https://apps.asha.org/eweb/ashadynamicpage.aspx?efk=29c1775e-3a0b-4a45-be3b-15468bb66339&efp=1014&site=ashacms&webcode=edfinddetail,
Hardin-Simmons University: Bachelor of Arts (BA),,Undergraduate Degree,https://apps.asha.org/eweb/ashadynamicpage.aspx?efk=2956b8dd-19cb-4bfc-bc80-2895f257beef&efp=484&site=ashacms&webcode=edfinddetail,
Hardin-Simmons University: Bachelor of Science (BS),,Undergraduate Degree,https://apps.asha.org/eweb/ashadynamicpage.aspx?efk=2956b8dd-19cb-4bfc-bc80-2895f257beef&efp=988&site=ashacms&webcode=edfinddetail,
Illinois State University: Bachelor of Science (BS),mrkadya@ilstu.edu,Undergraduate Degree,https://apps.asha.org/eweb/ashadynamicpage.aspx?efk=5f7e3ec8-4c34-49f8-8833-be510a98c329&efp=19&site=ashacms&webcode=edfinddetail,
Ithaca College: Bachelor of Science (BS),lhewitt@ithaca.edu,Undergraduate Degree,https://apps.asha.org/eweb/ashadynamicpage.aspx?efk=4bafc38e-9dfd-4899-b4f3-e0a2be65f476&efp=66&site=ashacms&webcode=edfinddetail,
La Salle University: Bachelor of Science (BS),bitetti@lasalle.edu,Undergraduate Degree,https://apps.asha.org/eweb/ashadynamicpage.aspx?efk=dd9bf9df-60e7-4fb8-bc60-9b216e093c68&efp=70&site=ashacms&webcode=edfinddetail,
Longwood University: Bachelor of Science (BS),,Undergraduate Degree,https://apps.asha.org/eweb/ashadynamicpage.aspx?efk=9d493921-fc2c-4d0b-9140-a7835744df99&efp=54&site=ashacms&webcode=edfinddetail,
Marywood University: Bachelor of Science (BS),novak@marywood.edu,Undergraduate Degree,https://apps.asha.org/eweb/ashadynamicpage.aspx?efk=8ed959ad-4648-414c-928c-e3729ff4baa2&efp=2&site=ashacms&webcode=edfinddetail,
Mercy University: Bachelor of Science (BS),aorourke@mercy.edu,Undergraduate Degree,https://apps.asha.org/eweb/ashadynamicpage.aspx?efk=99c93cbc-de44-4e87-b1f0-962785e1d7a9&efp=1028&site=ashacms&webcode=edfinddetail,
Mississippi University for Women: Bachelor of Science (BS),mhmanasco@muw.edu,Undergraduate Degree,https://apps.asha.org/eweb/ashadynamicpage.aspx?efk=53e72468-384f-4469-8bd5-80ca80d53c15&efp=4&site=ashacms&webcode=edfinddetail,
Ouachita Baptist University: Bachelor of Arts (BA),hardmann@obu.edu,Undergraduate Degree,https://apps.asha.org/eweb/ashadynamicpage.aspx?efk=b678b9d8-12a7-4fa4-91f8-3cf7ec0ce4b0&efp=18&site=ashacms&webcode=edfinddetail,
Our Lady of the Lake University: Bachelor of Arts (BA),ccarmichael@ollusa.edu,Undergraduate Degree,https://apps.asha.org/eweb/ashadynamicpage.aspx?efk=ddcf555a-ca36-4d16-a48f-2414b8d6e44e&efp=1117&site=ashacms&webcode=edfinddetail,
Pennsylvania State University: Bachelor of Science (BS),dlw81@psu.edu,Undergraduate Degree,https://apps.asha.org/eweb/ashadynamicpage.aspx?efk=d69039db-f55f-4a7a-85b3-13a28f0aaa1c&efp=627&site=ashacms&webcode=edfinddetail,
Piedmont University: Bachelor of Science (BS),mharn@piedmont.edu,Undergraduate Degree,https://apps.asha.org/eweb/ashadynamicpage.aspx?efk=0a6252ae-260a-4051-a395-22097d4b1ce0&efp=909&site=ashacms&webcode=edfinddetail,
Purdue University Fort Wayne: Bachelor of Science (BS),csd@pfw.edu,Undergraduate Degree,https://apps.asha.org/eweb/ashadynamicpage.aspx?efk=fe22bb8c-75af-4848-93ba-e4fe2555f171&efp=30&site=ashacms&webcode=edfinddetail,
Saint Mary's College: Bachelor of Arts (BA),,Undergraduate Degree,https://apps.asha.org/eweb/ashadynamicpage.aspx?efk=8e1ef8c7-0804-491e-884c-c90d714273d3&efp=566&site=ashacms&webcode=edfinddetail,
Schreiner University: Bachelor of Science (BS),adubose@schreiner.edu,Undergraduate Degree,https://apps.asha.org/eweb/ashadynamicpage.aspx?efk=2d362cf7-fcdf-44f5-bef5-9f0d98043944&efp=928&site=ashacms&webcode=edfinddetail,
Southeastern University: Bachelor of Science (BS),sbrenovales@seu.edu,Undergraduate Degree,https://apps.asha.org/eweb/ashadynamicpage.aspx?efk=d65c6ed6-89f8-49e5-aadc-a9c85f208338&efp=916&site=ashacms&webcode=edfinddetail,
"Southern Illinois University, Edwardsville: Bachelor of Arts (BA)",sppa-inquiries@siue.edu,Undergraduate Degree,https://apps.asha.org/eweb/ashadynamicpage.aspx?efk=f89eb593-a579-4454-a301-2b85ef0c44f6&efp=230&site=ashacms&webcode=edfinddetail,
"Southern Illinois University, Edwardsville: Bachelor of Science (BS)",,Undergraduate Degree,https://apps.asha.org/eweb/ashadynamicpage.aspx?efk=f89eb593-a579-4454-a301-2b85ef0c44f6&efp=925&site=ashacms&webcode=edfinddetail,
Syracuse University: Bachelor of Science (BS),kvander@syr.edu,Undergraduate Degree,https://apps.asha.org/eweb/ashadynamicpage.aspx?efk=70539a06-087e-4d77-824f-97e602f1b6cb&efp=281&site=ashacms&webcode=edfinddetail,
Thiel College: Bachelor of Science (BS),mbmason@thiel.edu,Undergraduate Degree,https://apps.asha.org/eweb/ashadynamicpage.aspx?efk=77675aa8-b548-41cd-ab30-00b24118225c&efp=1056&site=ashacms&webcode=edfinddetail,
University of Arizona: Bachelor of Science (BS),rsamlan@arizona.edu,Undergraduate Degree,https://apps.asha.org/eweb/ashadynamicpage.aspx?efk=eea64b22-6002-400d-afe9-c2731db1499e&efp=669&site=ashacms&webcode=edfinddetail,
University of Iowa: Bachelor of Arts (BA),eric-hunter@uiowa.edu,Undergraduate Degree,https://apps.asha.org/eweb/ashadynamicpage.aspx?efk=31e1ed68-672e-4dc3-a485-47b01316a356&efp=104&site=ashacms&webcode=edfinddetail,
"University of Louisiana, Monroe: Bachelor of Science (BS)",thomas@ulm.edu,Undergraduate Degree,https://apps.asha.org/eweb/ashadynamicpage.aspx?efk=e8b656af-d268-4b62-b6f8-e2a3d9b605b0&efp=121&site=ashacms&webcode=edfinddetail,
University of Mary: Bachelor of Arts (BA),rzeltinger@umary.edu,Undergraduate Degree,https://apps.asha.org/eweb/ashadynamicpage.aspx?efk=b1dc52ed-8c0c-4fee-b6b9-87f9bd16e5ad&efp=645&site=ashacms&webcode=edfinddetail,
University of Mary: Bachelor of Science (BS),rzeltinger@umary.edu,Undergraduate Degree,https://apps.asha.org/eweb/ashadynamicpage.aspx?efk=b1dc52ed-8c0c-4fee-b6b9-87f9bd16e5ad&efp=954&site=ashacms&webcode=edfinddetail,
University of Mississippi: Bachelor of Science (BS),dmlance@olemiss.edu,Undergraduate Degree,https://apps.asha.org/eweb/ashadynamicpage.aspx?efk=228d2a8c-f500-4557-8163-29d50435f894&efp=228&site=ashacms&webcode=edfinddetail,
University of New Mexico: Bachelor of Arts (BA),,Undergraduate Degree,https://apps.asha.org/eweb/ashadynamicpage.aspx?efk=9d0f97d7-db5e-45b1-a3e4-135710cf7f7f&efp=40&site=ashacms&webcode=edfinddetail,
University of Oklahoma - Health Sciences Center: Bachelor of Science (BS),Mary-A-Hudson@ou.edu,Undergraduate Degree,https://apps.asha.org/eweb/ashadynamicpage.aspx?efk=7d41a164-3bd2-4ea6-ad81-2f97a62caaed&efp=682&site=ashacms&webcode=edfinddetail,
University of Rhode Island: Bachelor of Science (BS),jean.gordon@uri.edu,Undergraduate Degree,https://apps.asha.org/eweb/ashadynamicpage.aspx?efk=ed66f806-5123-414b-84c8-be36b5955f3d&efp=234&site=ashacms&webcode=edfinddetail,
University of Tennessee Health Science Center: Bachelor of Science (BS),aharkrid@uthsc.edu,Undergraduate Degree,https://apps.asha.org/eweb/ashadynamicpage.aspx?efk=cf3b2052-48ec-4351-8193-536be4df30d1&efp=1121&site=ashacms&webcode=edfinddetail,
University of West Georgia: Other bachelor’s degree with a major in the field of communication sciences and disorders (Other),abrock@westga.edu,Undergraduate Degree,https://apps.asha.org/eweb/ashadynamicpage.aspx?efk=bbff7da1-3084-4d3b-acd9-0d966dc14726&efp=1081&site=ashacms&webcode=edfinddetail,
"University of Wisconsin, Madison: Bachelor of Science (BS)",audra.sterling@wisc.edu,Undergraduate Degree,https://apps.asha.org/eweb/ashadynamicpage.aspx?efk=555cedfb-b5c5-4a88-aa7d-009a146f5631&efp=955&site=ashacms&webcode=edfinddetail,
"University of Wisconsin, Whitewater: Bachelor of Arts (BA)",comdis@uww.edu,Undergraduate Degree,https://apps.asha.org/eweb/ashadynamicpage.aspx?efk=72446bc7-3d5f-4968-9565-bd71beb2d496&efp=1083&site=ashacms&webcode=edfinddetail,
"University of Wisconsin, Whitewater: Bachelor of Science (BS)",comdis@uww.edu,Undergraduate Degree,https://apps.asha.org/eweb/ashadynamicpage.aspx?efk=72446bc7-3d5f-4968-9565-bd71beb2d496&efp=1084&site=ashacms&webcode=edfinddetail,
Valdosta State University: Other bachelor’s degree with a major in the field of communication sciences and disorders (Other),cporcaro@valdosta.edu,Undergraduate Degree,https://apps.asha.org/eweb/ashadynamicpage.aspx?efk=c7c27a26-57ac-4040-aaea-983848821e32&efp=1085&site=ashacms&webcode=edfinddetail,
Viterbo University: Bachelor of Science (BS),pmjohnstone@viterbo.edu,Undergraduate Degree,https://apps.asha.org/eweb/ashadynamicpage.aspx?efk=67fb97a9-0da2-4829-8f73-e2c4298a0aef&efp=1087&site=ashacms&webcode=edfinddetail,
Washington State University: Bachelor of Arts (BA),speech.hear.grad@wsu.edu,Undergraduate Degree,https://apps.asha.org/eweb/ashadynamicpage.aspx?efk=a997848c-7a1b-486d-87c2-bdf50ca35d16&efp=16&site=ashacms&webcode=edfinddetail,
Women's Institute of Torah Seminary & College: Bachelor of Arts (BA),mmiskowski@wits.edu,Undergraduate Degree,https://apps.asha.org/eweb/ashadynamicpage.aspx?efk=b68df6d2-a22c-439f-88d5-e536367980f1&efp=1090&site=ashacms&webcode=edfinddetail,
Worcester State University: Bachelor of Science (BS),kcurro@worcester.edu,Undergraduate Degree,https://apps.asha.org/eweb/ashadynamicpage.aspx?efk=a4af633a-0683-41d0-b7aa-570346086540&efp=56&site=ashacms&webcode=edfinddetail,
Xavier University of Louisiana: Bachelor of Science (BS),tjenkin9@xula.edu,Undergraduate Degree,https://apps.asha.org/eweb/ashadynamicpage.aspx?efk=d11e9b4a-3b81-4ddd-a525-b944ec2a7bb1&efp=665&site=ashacms&webcode=edfinddetail,
New Mexico State University: Bachelor of Science (BS),hlehnert@nmsu.edu,Undergraduate Degree,https://apps.asha.org/eweb/ashadynamicpage.aspx?efk=06b9a90f-6c2b-4a6a-8a3a-8d900c2463cc&efp=597&site=ashacms&webcode=edfinddetail,
University of Central Arkansas: Bachelor of Science (BS),bgregg@uca.edu,Undergraduate Degree,https://apps.asha.org/eweb/ashadynamicpage.aspx?efk=0172af86-abd2-40f5-86e3-1ced14dd219b&efp=292&site=ashacms&webcode=edfinddetail,
"Minnesota State University, Mankato: Bachelor of Science (BS)",hsinhuei.chiou@mnsu.edu,Undergraduate Degree,https://apps.asha.org/eweb/ashadynamicpage.aspx?efk=d46e010f-472c-407b-b5c9-8702b067f904&efp=159&site=ashacms&webcode=edfinddetail,
Misericordia University: Bachelor of Science (BS),progers@misericordia.edu,Undergraduate Degree,https://apps.asha.org/eweb/ashadynamicpage.aspx?efk=6463bd57-3153-4b52-9e59-81412f421d32&efp=190&site=ashacms&webcode=edfinddetail,
"University of Nebraska, Kearney: Bachelor of Science (BS)",schneiderwm@unk.edu,Undergraduate Degree,https://apps.asha.org/eweb/ashadynamicpage.aspx?efk=8cff9ed4-00e6-41d1-b7ab-73143003ab90&efp=1124&site=ashacms&webcode=edfinddetail,
Samford University: Bachelor of Science (BS),ckoch2@samford.edu,Undergraduate Degree,https://apps.asha.org/eweb/ashadynamicpage.aspx?efk=65c9fd3a-31b4-4409-8d49-a1295378ed63&efp=225&site=ashacms&webcode=edfinddetail,
Western Carolina University: Bachelor of Science (BS),KModom@wcu.edu,Undergraduate Degree,https://apps.asha.org/eweb/ashadynamicpage.aspx?efk=2a47127e-cc9c-4070-8354-ba38b038f7e5&efp=192&site=ashacms&webcode=edfinddetail,
"University of Alabama, Tuscaloosa: Bachelor of Arts (BA)",memorie.gosa@ua.edu,Undergraduate Degree,https://apps.asha.org/eweb/ashadynamicpage.aspx?efk=a9a33e3a-d59f-4897-af0f-0cdbb966d019&efp=257&site=ashacms&webcode=edfinddetail,
Eastern Michigan University: Bachelor of Science (BS),afarrugi@emich.edu,Undergraduate Degree,https://apps.asha.org/eweb/ashadynamicpage.aspx?efk=3d699aa8-e83a-4619-bbdb-a427d1cb9c70&efp=310&site=ashacms&webcode=edfinddetail,
Southeast Missouri State University: Bachelor of Science (BS),sfulton@semo.edu,Undergraduate Degree,https://apps.asha.org/eweb/ashadynamicpage.aspx?efk=0d874e54-059e-4643-a462-42a17f757e95&efp=171&site=ashacms&webcode=edfinddetail,
Elms College: Bachelor of Arts (BA),carlsonb@elms.edu,Undergraduate Degree,https://apps.asha.org/eweb/ashadynamicpage.aspx?efk=2c15553a-1607-4d7a-b09b-c1c8b87e5259&efp=1005&site=ashacms&webcode=edfinddetail,
Gordon College: Bachelor of Science (BS),janet.arndt@gordon.edu,Undergraduate Degree,https://apps.asha.org/eweb/ashadynamicpage.aspx?efk=47acc117-7620-4de9-ae6f-8a462a726f72&efp=1011&site=ashacms&webcode=edfinddetail,
"CUNY, Brooklyn College: Bachelor of Arts (BA)",sharonb@brooklyn.cuny.edu,Undergraduate Degree,https://apps.asha.org/eweb/ashadynamicpage.aspx?efk=a3d488d3-c0e1-4713-aaf8-caf4be631e8b&efp=355&site=ashacms&webcode=edfinddetail,
Eastern Washington University: Bachelor of Arts (BA),lcleveland@ewu.edu,Undergraduate Degree,https://apps.asha.org/eweb/ashadynamicpage.aspx?efk=79471f68-663f-4d87-a452-0427debf2536&efp=167&site=ashacms&webcode=edfinddetail,
Elmhurst University: Bachelor of Arts (BA),jennifer.kremkow@elmhurst.edu,Undergraduate Degree,https://apps.asha.org/eweb/ashadynamicpage.aspx?efk=5cf7c5cd-45e4-4289-b782-9c09ffd10596&efp=31&site=ashacms&webcode=edfinddetail,
Elmhurst University: Bachelor of Science (BS),jennifer.kremkow@elmhurst.edu,Undergraduate Degree,https://apps.asha.org/eweb/ashadynamicpage.aspx?efk=5cf7c5cd-45e4-4289-b782-9c09ffd10596&efp=907&site=ashacms&webcode=edfinddetail,
Northern Arizona University: Bachelor of Science (BS),anna.sosa@nau.edu,Undergraduate Degree,https://apps.asha.org/eweb/ashadynamicpage.aspx?efk=ed19953c-7837-448b-b838-269d86504c10&efp=420&site=ashacms&webcode=edfinddetail,
Bob Jones University: Bachelor of Science (BS),hbenge@bju.edu,Undergraduate Degree,https://apps.asha.org/eweb/ashadynamicpage.aspx?efk=7436eb11-efca-44f5-9f30-71ad384673e1&efp=72&site=ashacms&webcode=edfinddetail,
Emerson College: Bachelor of Science (BS),nydia_bou@emerson.edu,Undergraduate Degree,https://apps.asha.org/eweb/ashadynamicpage.aspx?efk=4f55cd75-875e-41c3-bcb5-fff3aa7d6a7d&efp=406&site=ashacms&webcode=edfinddetail,
West Chester University: Bachelor of Arts (BA),rzimmerman@wcupa.edu,Undergraduate Degree,https://apps.asha.org/eweb/ashadynamicpage.aspx?efk=400c51d9-2c4f-47cf-b244-9da9374dfb50&efp=632&site=ashacms&webcode=edfinddetail,
University of Vermont: Bachelor of Science (BS),michael.cannizzaro@med.uvm.edu,Undergraduate Degree,https://apps.asha.org/eweb/ashadynamicpage.aspx?efk=0031fdc3-d79b-4196-822a-eeb49ac2995a&efp=324&site=ashacms&webcode=edfinddetail,
West Liberty University: Bachelor of Science (BS),stephanie.bradley@westliberty.edu,Undergraduate Degree,https://apps.asha.org/eweb/ashadynamicpage.aspx?efk=4c494578-81d8-42fe-b4c1-e841e645a022&efp=134&site=ashacms&webcode=edfinddetail,
Marquette University: Bachelor of Science (BS),maura.moyle@mu.edu,Undergraduate Degree,https://apps.asha.org/eweb/ashadynamicpage.aspx?efk=f057d5d5-e314-4cb6-99ec-b983d84edd3f&efp=413&site=ashacms&webcode=edfinddetail,
Towson University: Bachelor of Science (BS),kwilson@towson.edu,Undergraduate Degree,https://apps.asha.org/eweb/ashadynamicpage.aspx?efk=ae4574b7-cf17-41d6-ad0f-f41abb2306ca&efp=408&site=ashacms&webcode=edfinddetail,
Fort Hays State University: Bachelor of Science (BS),bwroth@fhsu.edu,Undergraduate Degree,https://apps.asha.org/eweb/ashadynamicpage.aspx?efk=8a6f12b6-b803-4431-b99b-4e3e76efa085&efp=123&site=ashacms&webcode=edfinddetail,
SUNY at New Paltz: Bachelor of Arts (BA),abramova@newpaltz.edu,Undergraduate Degree,https://apps.asha.org/eweb/ashadynamicpage.aspx?efk=23e6c322-1719-4e1e-9ea7-e34cbe53e8f2&efp=1049&site=ashacms&webcode=edfinddetail,
Radford University: Bachelor of Arts (BA),lflora2@radford.edu,Undergraduate Degree,https://apps.asha.org/eweb/ashadynamicpage.aspx?efk=ceea0910-b358-4463-a9e6-4c001ff65ae8&efp=222&site=ashacms&webcode=edfinddetail,
Radford University: Bachelor of Science (BS),lflora2@radford.edu,Undergraduate Degree,https://apps.asha.org/eweb/ashadynamicpage.aspx?efk=ceea0910-b358-4463-a9e6-4c001ff65ae8&efp=917&site=ashacms&webcode=edfinddetail,
Truman State University: Bachelor of Arts (BA),cikerd@truman.edu,Undergraduate Degree,https://apps.asha.org/eweb/ashadynamicpage.aspx?efk=a1d4898b-279a-4cf5-8636-b387ce65264f&efp=148&site=ashacms&webcode=edfinddetail,
Truman State University: Bachelor of Science (BS),cikerd@truman.edu,Undergraduate Degree,https://apps.asha.org/eweb/ashadynamicpage.aspx?efk=a1d4898b-279a-4cf5-8636-b387ce65264f&efp=915&site=ashacms&webcode=edfinddetail,
University of Missouri: Bachelor of Science (BS),amelvin@health.missouri.edu,Undergraduate Degree,https://apps.asha.org/eweb/ashadynamicpage.aspx?efk=3f86cbea-718f-41e0-8cfe-d9dbd200f385&efp=1068&site=ashacms&webcode=edfinddetail,
Commonwealth University of Pennsylvania: Bachelor of Science (BS),mshaikh@bloomu.edu,Undergraduate Degree,https://apps.asha.org/eweb/ashadynamicpage.aspx?efk=27a99fc2-5f92-4dc2-8716-07279806c419&efp=578&site=ashacms&webcode=edfinddetail,
University of Akron: Bachelor of Arts (BA),swechter@uakron.edu,Undergraduate Degree,https://apps.asha.org/eweb/ashadynamicpage.aspx?efk=54cf6b21-d2c8-4cd7-80b1-ae1ff3ab0bf5&efp=1058&site=ashacms&webcode=edfinddetail,
University of Georgia: Other bachelor’s degree with a major in the field of communication sciences and disorders (Other),csd@uga.edu,Undergraduate Degree,https://apps.asha.org/eweb/ashadynamicpage.aspx?efk=7e324b75-7922-4181-80f8-0e2bee6fcf56&efp=1061&site=ashacms&webcode=edfinddetail,
Minot State University: Bachelor of Science (BS),Mary.Huston@minotstateu.edu,Undergraduate Degree,https://apps.asha.org/eweb/ashadynamicpage.aspx?efk=cf0586ec-83c2-4e6f-91d0-e1ce2fed79e2&efp=471&site=ashacms&webcode=edfinddetail,
University of Cincinnati: Bachelor of Science (BS),zhangfe@ucmail.uc.edu,Undergraduate Degree,https://apps.asha.org/eweb/ashadynamicpage.aspx?efk=7d1468b7-5385-4b5e-b424-d89068bc5fba&efp=415&site=ashacms&webcode=edfinddetail,
University of Southern Mississippi: Bachelor of Arts (BA),Steven.Cloud@usm.edu,Undergraduate Degree,https://apps.asha.org/eweb/ashadynamicpage.aspx?efk=6b614751-0164-4d66-8b91-2aa489e44e35&efp=312&site=ashacms&webcode=edfinddetail,
Auburn University: Bachelor of Science (BS),amp0016@auburn.edu,Undergraduate Degree,https://apps.asha.org/eweb/ashadynamicpage.aspx?efk=489ef27d-e002-4885-bdd5-1bc35b1e75f7&efp=252&site=ashacms&webcode=edfinddetail,
California Baptist University : Bachelor of Science (BS),bness@calbaptist.edu,Undergraduate Degree,https://apps.asha.org/eweb/ashadynamicpage.aspx?efk=5681b32b-7f33-408b-9105-7a1baafcf7f5&efp=468&site=ashacms&webcode=edfinddetail,
"California State University, Fullerton: Bachelor of Arts (BA)",hseung@fullerton.edu,Undergraduate Degree,https://apps.asha.org/eweb/ashadynamicpage.aspx?efk=d26a7f16-8112-4410-b222-8ce0ece0096c&efp=22&site=ashacms&webcode=edfinddetail,
"California State University, Fullerton: Bachelor of Science (BS)",hseung@fullerton.edu,Undergraduate Degree,https://apps.asha.org/eweb/ashadynamicpage.aspx?efk=d26a7f16-8112-4410-b222-8ce0ece0096c&efp=1128&site=ashacms&webcode=edfinddetail,
University of Minnesota Duluth: Other bachelor’s degree with a major in the field of communication sciences and disorders (Other),cd@d.umn.edu,Undergraduate Degree,https://apps.asha.org/eweb/ashadynamicpage.aspx?efk=a23a3744-facc-4562-9e41-10fb5996833f&efp=1066&site=ashacms&webcode=edfinddetail,
University of South Alabama: Bachelor of Science (BS),spagradadmissions@southalabama.edu,Undergraduate Degree,https://apps.asha.org/eweb/ashadynamicpage.aspx?efk=2b3ceed8-7d74-4605-a2cb-dfedbf44fc59&efp=583&site=ashacms&webcode=edfinddetail,
Baylor University: Bachelor of Science (BS),Michaela_Ritter@baylor.edu,Undergraduate Degree,https://apps.asha.org/eweb/ashadynamicpage.aspx?efk=1d005868-3da2-4696-8ffd-c3e20b8501e2&efp=476&site=ashacms&webcode=edfinddetail,
Bluffton University: Bachelor of Arts (BA),,Undergraduate Degree,https://apps.asha.org/eweb/ashadynamicpage.aspx?efk=9c0c29d1-ca91-4c90-9102-5f90c0b43157&efp=419&site=ashacms&webcode=edfinddetail,
East Stroudsburg University: Bachelor of Science (BS),lmagnuson@esu.edu,Undergraduate Degree,https://apps.asha.org/eweb/ashadynamicpage.aspx?efk=b4372de4-74d4-4e02-b441-90495c565127&efp=115&site=ashacms&webcode=edfinddetail,
Eastern Illinois University: Bachelor of Science (BS),rmthroneburg@eiu.edu,Undergraduate Degree,https://apps.asha.org/eweb/ashadynamicpage.aspx?efk=44cf326e-4023-4b4a-bbb3-1fba4488467b&efp=306&site=ashacms&webcode=edfinddetail,
Missouri State University : Bachelor of Science (BS),csd@missouristate.edu,Undergraduate Degree,https://apps.asha.org/eweb/ashadynamicpage.aspx?efk=133dd599-c5f1-4a09-80ca-929550858c7f&efp=526&site=ashacms&webcode=edfinddetail,
"University of Nebraska, Lincoln: Bachelor of Science (BS)",jill.england@unl.edu,Undergraduate Degree,https://apps.asha.org/eweb/ashadynamicpage.aspx?efk=85c1c0c3-c4a3-40ae-ad10-1644d05fa9c6&efp=522&site=ashacms&webcode=edfinddetail,
Carlos Albizu University : Other bachelor’s degree with a major in the field of communication sciences and disorders (Other),vreyes@albizu.edu,Undergraduate Degree,https://apps.asha.org/eweb/ashadynamicpage.aspx?efk=708c90fe-9427-4cb2-afe8-140e5d50b472&efp=996&site=ashacms&webcode=edfinddetail,
Loma Linda University: Bachelor of Science (BS),lbaez@llu.edu,Undergraduate Degree,https://apps.asha.org/eweb/ashadynamicpage.aspx?efk=38caae10-5dce-46f6-abb4-a72908c1ec26&efp=363&site=ashacms&webcode=edfinddetail,
University of Northern Colorado: Bachelor of Science (BS),Donald.Finan@unco.edu,Undergraduate Degree,https://apps.asha.org/eweb/ashadynamicpage.aspx?efk=8c81c807-8342-48f7-82bf-f5e60ec9b377&efp=194&site=ashacms&webcode=edfinddetail,
Utah State University: Bachelor of Arts (BA),Mason.hayes@usu.edu,Undergraduate Degree,https://apps.asha.org/eweb/ashadynamicpage.aspx?efk=1bd363d0-9def-474a-be28-c29b65978e4c&efp=268&site=ashacms&webcode=edfinddetail,
Utah State University: Bachelor of Science (BS),Mason.hayes@usu.edu,Undergraduate Degree,https://apps.asha.org/eweb/ashadynamicpage.aspx?efk=1bd363d0-9def-474a-be28-c29b65978e4c&efp=944&site=ashacms&webcode=edfinddetail,
Austin Peay State University : Other bachelor’s degree with a major in the field of communication sciences and disorders (Other),kleinhansk@apsu.edu,Undergraduate Degree,https://apps.asha.org/eweb/ashadynamicpage.aspx?efk=007ebcec-70e9-4408-9655-628def92c145&efp=1130&site=ashacms&webcode=edfinddetail,
"California State University, San Marcos : Bachelor of Science (BS)",smoineau@csusm.edu,Undergraduate Degree,https://apps.asha.org/eweb/ashadynamicpage.aspx?efk=17b65b94-bf62-4641-94c2-efd176222cae&efp=592&site=ashacms&webcode=edfinddetail,
Old Dominion University: Bachelor of Science (BS),sraymer@odu.edu,Undergraduate Degree,https://apps.asha.org/eweb/ashadynamicpage.aspx?efk=dd19e0c6-3adc-495e-8686-aa33f3f79629&efp=250&site=ashacms&webcode=edfinddetail,
Texas Tech University Health Sciences Center: Bachelor of Science (BS),candace.hicks@ttuhsc.edu,Undergraduate Degree,https://apps.asha.org/eweb/ashadynamicpage.aspx?efk=56e2e7cb-a89b-47fc-a819-9eb06746017b&efp=143&site=ashacms&webcode=edfinddetail,
The University of Texas at Tyler: Bachelor of Science (BS),amylouise.schwarz@uttyler.edu,Undergraduate Degree,https://apps.asha.org/eweb/ashadynamicpage.aspx?efk=0a3ccc66-f58e-4eda-93c0-14bb8c4cd208&efp=975&site=ashacms&webcode=edfinddetail,
Yeshiva University Katz School of SLP: Bachelor of Science (BS),marissa.barrera@yu.edu,Undergraduate Degree,https://apps.asha.org/eweb/ashadynamicpage.aspx?efk=4959023f-7789-48cc-a7ae-f02179a882aa&efp=24&site=ashacms&webcode=edfinddetail,
Brigham Young University: Bachelor of Science (BS),shawn_nissen@byu.edu,Undergraduate Degree,https://apps.asha.org/eweb/ashadynamicpage.aspx?efk=9cf91165-7985-4cea-9307-06a9deb09282&efp=301&site=ashacms&webcode=edfinddetail,
Miami University: Bachelor of Science (BS),scarbod@miamioh.edu,Undergraduate Degree,https://apps.asha.org/eweb/ashadynamicpage.aspx?efk=21a9c4b9-3e2f-4d47-a228-3cf2ad19c112&efp=288&site=ashacms&webcode=edfinddetail,
Abilene Christian University: Bachelor of Science (BS),bkb01b@acu.edu,Undergraduate Degree,https://apps.asha.org/eweb/ashadynamicpage.aspx?efk=49daeac3-2d90-46b3-a305-cd9164b8817a&efp=357&site=ashacms&webcode=edfinddetail,
Biola University: Bachelor of Science (BS),yvana.hernandez@biola.edu,Undergraduate Degree,https://apps.asha.org/eweb/ashadynamicpage.aspx?efk=490307a0-da9c-4235-a596-ae2977a32b6b&efp=383&site=ashacms&webcode=edfinddetail,
Harding University: Bachelor of Arts (BA),csd@harding.edu,Undergraduate Degree,https://apps.asha.org/eweb/ashadynamicpage.aspx?efk=89cd5297-43cd-4b19-b2a8-bcfd1b1ed77d&efp=48&site=ashacms&webcode=edfinddetail,
"University of Wisconsin, Eau Claire: Bachelor of Science (BS)",hemmeral@uwec.edu,Undergraduate Degree,https://apps.asha.org/eweb/ashadynamicpage.aspx?efk=5fc54004-4f60-4900-ae7e-642d028dec51&efp=401&site=ashacms&webcode=edfinddetail,
Wichita State University: Bachelor of Arts (BA),csd@wichita.edu,Undergraduate Degree,https://apps.asha.org/eweb/ashadynamicpage.aspx?efk=35eca6ca-19c9-41eb-9183-16a1640a3c77&efp=647&site=ashacms&webcode=edfinddetail,
"University of Louisiana, Lafayette: Bachelor of Arts (BA)",rharris@louisiana.edu,Undergraduate Degree,https://apps.asha.org/eweb/ashadynamicpage.aspx?efk=00466438-6748-454a-9a78-dfbb9b25505b&efp=135&site=ashacms&webcode=edfinddetail,
Murray State University: Bachelor of Arts (BA),msu.speech-language@murraystate.edu,Undergraduate Degree,https://apps.asha.org/eweb/ashadynamicpage.aspx?efk=44f07bdc-40cf-4107-9a9d-457c5c05377f&efp=42&site=ashacms&webcode=edfinddetail,
Murray State University: Bachelor of Science (BS),msu.speech-language@murraystate.edu,Undergraduate Degree,https://apps.asha.org/eweb/ashadynamicpage.aspx?efk=44f07bdc-40cf-4107-9a9d-457c5c05377f&efp=910&site=ashacms&webcode=edfinddetail,
Rockhurst University: Bachelor of Science (BS),Stephanie.Becker@rockhurst.edu,Undergraduate Degree,https://apps.asha.org/eweb/ashadynamicpage.aspx?efk=d58ce9e9-1df7-4738-a889-8934ca937e3f&efp=1132&site=ashacms&webcode=edfinddetail,
Southern Connecticut State University: Bachelor of Science (BS),cookb5@southernct.edu,Undergraduate Degree,https://apps.asha.org/eweb/ashadynamicpage.aspx?efk=9f9dd2bf-9523-4fbb-8fcd-ceab8f4906bc&efp=126&site=ashacms&webcode=edfinddetail,
University of Virginia: Other bachelor’s degree with a major in the field of communication sciences and disorders (Other),vat3w@virginia.edu,Undergraduate Degree,https://apps.asha.org/eweb/ashadynamicpage.aspx?efk=bfdfd1fd-29b8-4542-9c68-bb5cc29cd0f5&efp=1079&site=ashacms&webcode=edfinddetail,
"University of Wisconsin, Stevens Point: Bachelor of Science (BS)",sreynold@uwsp.edu,Undergraduate Degree,https://apps.asha.org/eweb/ashadynamicpage.aspx?efk=fbb29d29-c427-4ec8-923d-3c252ca79d1e&efp=371&site=ashacms&webcode=edfinddetail,
Loyola University Maryland: Bachelor of Arts (BA),crmcelroy@loyola.edu,Undergraduate Degree,https://apps.asha.org/eweb/ashadynamicpage.aspx?efk=536a3229-28e0-4b72-8da6-c975cea4537f&efp=153&site=ashacms&webcode=edfinddetail,
Maryville University: Bachelor of Science (BS),mgoodman@maryville.edu,Undergraduate Degree,https://apps.asha.org/eweb/ashadynamicpage.aspx?efk=3abebd9f-b42b-4744-abdb-e653a12c79d8&efp=218&site=ashacms&webcode=edfinddetail,
University of Kentucky: Bachelor of Science (BS),aolso2@uky.edu,Undergraduate Degree,https://apps.asha.org/eweb/ashadynamicpage.aspx?efk=1fe16593-63f1-4af5-bf8a-3e111df801d6&efp=128&site=ashacms&webcode=edfinddetail,
University of Science & Arts of Oklahoma: Bachelor of Science (BS),kkarner@usao.edu,Undergraduate Degree,https://apps.asha.org/eweb/ashadynamicpage.aspx?efk=2aaba715-71f3-44d8-bd6b-d1adac0e0028&efp=90&site=ashacms&webcode=edfinddetail,
University of the Pacific - SLP Program: Bachelor of Science (BS),jwardlon@pacific.edu,Undergraduate Degree,https://apps.asha.org/eweb/ashadynamicpage.aspx?efk=6faa0740-d2e9-447b-be6a-cf1acf12c2f3&efp=308&site=ashacms&webcode=edfinddetail,
Ball State University: Bachelor of Arts (BA),lashaffer@bsu.edu,Undergraduate Degree,https://apps.asha.org/eweb/ashadynamicpage.aspx?efk=87ebd1f8-d2f6-43d9-8ec9-95539c733cd2&efp=623&site=ashacms&webcode=edfinddetail,
Ball State University: Bachelor of Science (BS),lashaffer@bsu.edu,Undergraduate Degree,https://apps.asha.org/eweb/ashadynamicpage.aspx?efk=87ebd1f8-d2f6-43d9-8ec9-95539c733cd2&efp=940&site=ashacms&webcode=edfinddetail,
"Southern Illinois University, Carbondale: Bachelor of Science (BS)",cdsprogram@siu.edu,Undergraduate Degree,https://apps.asha.org/eweb/ashadynamicpage.aspx?efk=f76447a5-b13f-428a-aae1-120439fa7f7c&efp=295&site=ashacms&webcode=edfinddetail,
University of South Florida: Bachelor of Arts (BA),jbsmart@usf.edu,Undergraduate Degree,https://apps.asha.org/eweb/ashadynamicpage.aspx?efk=c239bf01-cfd8-4f09-b6b5-635b38df324b&efp=451&site=ashacms&webcode=edfinddetail,
Montreat College: Bachelor of Science (BS),lesley.bovell@montreat.edu,Undergraduate Degree,https://apps.asha.org/eweb/ashadynamicpage.aspx?efk=c6d05eec-6623-4f73-aff9-72596c647a55&efp=965&site=ashacms&webcode=edfinddetail,
Western Michigan University: Bachelor of Science (BS),robin.criter@wmich.edu,Undergraduate Degree,https://apps.asha.org/eweb/ashadynamicpage.aspx?efk=abdff612-94e4-4e8c-ba48-b03376ed614f&efp=431&site=ashacms&webcode=edfinddetail,
Baldwin Wallace University: Bachelor of Science (BS),cviscont@bw.edu,Undergraduate Degree,https://apps.asha.org/eweb/ashadynamicpage.aspx?efk=dbf28528-e376-476c-bcb3-a31436333d66&efp=75&site=ashacms&webcode=edfinddetail,
Stephen F. Austin State University: Bachelor of Science (BS),lprichardson@sfasu.edu,Undergraduate Degree,https://apps.asha.org/eweb/ashadynamicpage.aspx?efk=ef3d9f15-e3bb-47cc-9266-cdf71943a57e&efp=155&site=ashacms&webcode=edfinddetail,
University of Redlands: Bachelor of Arts (BA),sol_cooperson@redlands.edu,Undergraduate Degree,https://apps.asha.org/eweb/ashadynamicpage.aspx?efk=23d54dff-7bd1-4a8a-a1de-b92a94d3a207&efp=444&site=ashacms&webcode=edfinddetail,
"University of Wisconsin, Milwaukee: Bachelor of Science (BS)",heuer@uwm.edu,Undergraduate Degree,https://apps.asha.org/eweb/ashadynamicpage.aspx?efk=63ca402a-64d0-4efc-8a28-bc14f1f88f2e&efp=285&site=ashacms&webcode=edfinddetail,
University of Wyoming: Bachelor of Science (BS),comdis@uwyo.edu,Undergraduate Degree,https://apps.asha.org/eweb/ashadynamicpage.aspx?efk=30a7fe3e-3487-4738-8e41-32e500649b01&efp=449&site=ashacms&webcode=edfinddetail,
University of Central Missouri: Bachelor of Science (BS),dooley@ucmo.edu,Undergraduate Degree,https://apps.asha.org/eweb/ashadynamicpage.aspx?efk=bf34712a-937e-4f34-8c49-424fd4a6c423&efp=1137&site=ashacms&webcode=edfinddetail,
"California State University, Fresno: Bachelor of Arts (BA)",cddsgrad@listserv.csufresno.edu,Undergraduate Degree,https://apps.asha.org/eweb/ashadynamicpage.aspx?efk=a751b972-cb84-4c6b-a8f5-5f41caee7b9b&efp=738&site=ashacms&webcode=edfinddetail,
Ohio State University: Bachelor of Arts (BA),bielefeld.6@osu.edu,Undergraduate Degree,https://apps.asha.org/eweb/ashadynamicpage.aspx?efk=8c2e1eaf-58bc-40b8-bc61-774da0da3a81&efp=436&site=ashacms&webcode=edfinddetail,
Penn State University Harrisburg: Bachelor of Science (BS),psuhcsd@psu.edu,Undergraduate Degree,https://apps.asha.org/eweb/ashadynamicpage.aspx?efk=da485bc5-e3f0-43af-b51a-d7a3a86a15a9&efp=926&site=ashacms&webcode=edfinddetail,
Southeastern Louisiana University: Bachelor of Arts (BA),pamela.bankston@selu.edu,Undergraduate Degree,https://apps.asha.org/eweb/ashadynamicpage.aspx?efk=c8096ad8-ddb0-495d-af86-d90e04b919e1&efp=1139&site=ashacms&webcode=edfinddetail,
Southeastern Louisiana University: Bachelor of Science (BS),pamela.bankston@selu.edu,Undergraduate Degree,https://apps.asha.org/eweb/ashadynamicpage.aspx?efk=c8096ad8-ddb0-495d-af86-d90e04b919e1&efp=79&site=ashacms&webcode=edfinddetail,
"Texas A&M University, Kingsville: Bachelor of Science (BS)",Haley.coleman@tamuk.edu,Undergraduate Degree,https://apps.asha.org/eweb/ashadynamicpage.aspx?efk=c2072401-23fc-43e6-9371-e61f291f6b2a&efp=446&site=ashacms&webcode=edfinddetail,
"University of North Carolina, Greensboro: Bachelor of Science (BS)",csd@uncg.edu,Undergraduate Degree,https://apps.asha.org/eweb/ashadynamicpage.aspx?efk=b118a9d9-0706-4bdd-b64e-96c7fa9940ab&efp=138&site=ashacms&webcode=edfinddetail,
Nova Southeastern University - SLP Program: Bachelor of Science (BS),ms-slp@nova.edu,Undergraduate Degree,https://apps.asha.org/eweb/ashadynamicpage.aspx?efk=20dde5de-73d8-4980-a7de-f202cddbe993&efp=562&site=ashacms&webcode=edfinddetail,
Pontifical Catholic University of Puerto Rico: Bachelor of Science (BS),maria_sierra@pucpr.edu,Undergraduate Degree,https://apps.asha.org/eweb/ashadynamicpage.aspx?efk=8fd96741-2a98-4437-9009-9af12cc13612&efp=952&site=ashacms&webcode=edfinddetail,
"University of Nebraska, Omaha: Bachelor of Science (BS)",jkkumke@unomaha.edu,Undergraduate Degree,https://apps.asha.org/eweb/ashadynamicpage.aspx?efk=3d09a55e-c87d-40bb-b0ce-4a966cfb7b57&efp=241&site=ashacms&webcode=edfinddetail,
University of Oregon: Bachelor of Arts (BA),cds@uoregon.edu,Undergraduate Degree,https://apps.asha.org/eweb/ashadynamicpage.aspx?efk=88dc1df7-fe4b-4cbf-a22b-112106ea21d9&efp=587&site=ashacms&webcode=edfinddetail,
University of Oregon: Bachelor of Science (BS),cds@uoregon.edu,Undergraduate Degree,https://apps.asha.org/eweb/ashadynamicpage.aspx?efk=88dc1df7-fe4b-4cbf-a22b-112106ea21d9&efp=929&site=ashacms&webcode=edfinddetail,
Western Washington University: Bachelor of Arts (BA),diedesa@wwu.edu,Undergraduate Degree,https://apps.asha.org/eweb/ashadynamicpage.aspx?efk=d5defdcd-e97e-4eb1-9364-41fe8f2c3c48&efp=403&site=ashacms&webcode=edfinddetail,
Lebanon Valley College: Bachelor of Science (BS),scesa@lvc.edu,Undergraduate Degree,https://apps.asha.org/eweb/ashadynamicpage.aspx?efk=53869d5d-8ee8-4845-9ea4-71e37bb49465&efp=1141&site=ashacms&webcode=edfinddetail,
Northern Illinois University: Bachelor of Science (BS),acannone@niu.edu,Undergraduate Degree,https://apps.asha.org/eweb/ashadynamicpage.aspx?efk=256f2e2b-c715-4fa9-aa70-117c6a0f55cc&efp=86&site=ashacms&webcode=edfinddetail,
University of Toledo: Bachelor of Science (BS),jenn.glassman@utoledo.edu,Undergraduate Degree,https://apps.asha.org/eweb/ashadynamicpage.aspx?efk=e25928e9-7261-4241-a9c2-917bc6f3c40f&efp=184&site=ashacms&webcode=edfinddetail,
West Texas A & M University: Bachelor of Science (BS),zcollom@wtamu.edu,Undergraduate Degree,https://apps.asha.org/eweb/ashadynamicpage.aspx?efk=f355ec9e-a1dd-40be-aadb-09eb451da05f&efp=100&site=ashacms&webcode=edfinddetail,
Bowling Green State University: Bachelor of Science (BS),ktraver@bgsu.edu,Undergraduate Degree,https://apps.asha.org/eweb/ashadynamicpage.aspx?efk=4bfcdfd2-6af3-40ce-962f-71b1ec176c41&efp=378&site=ashacms&webcode=edfinddetail,
Kansas State University: Bachelor of Science (BS),rgarcia@ksu.edu,Undergraduate Degree,https://apps.asha.org/eweb/ashadynamicpage.aspx?efk=c0e1c8a4-6c6e-4dc6-91d3-92c5e553090f&efp=480&site=ashacms&webcode=edfinddetail,
Marshall University: Bachelor of Science (BS),holland@marshall.edu,Undergraduate Degree,https://apps.asha.org/eweb/ashadynamicpage.aspx?efk=df21945f-95d5-4604-9129-59394190f3e9&efp=802&site=ashacms&webcode=edfinddetail,
Northern Michigan University: Bachelor of Arts (BA),lnelson@nmu.edu,Undergraduate Degree,https://apps.asha.org/eweb/ashadynamicpage.aspx?efk=eae24a80-e20f-4f05-94de-5e75a59f93cd&efp=1036&site=ashacms&webcode=edfinddetail,
Northern Michigan University: Bachelor of Science (BS),lnelson@nmu.edu,Undergraduate Degree,https://apps.asha.org/eweb/ashadynamicpage.aspx?efk=eae24a80-e20f-4f05-94de-5e75a59f93cd&efp=1037&site=ashacms&webcode=edfinddetail,
Sacred Heart University: Bachelor of Arts (BA),Pinoc5@sacredheart.edu,Undergraduate Degree,https://apps.asha.org/eweb/ashadynamicpage.aspx?efk=0bf02f60-3e33-4b8f-a928-0b37cf62980d&efp=1143&site=ashacms&webcode=edfinddetail,
Sacred Heart University: Bachelor of Science (BS),Pinoc5@sacredheart.edu,Undergraduate Degree,https://apps.asha.org/eweb/ashadynamicpage.aspx?efk=0bf02f60-3e33-4b8f-a928-0b37cf62980d&efp=28&site=ashacms&webcode=edfinddetail,
Tarleton State University: Bachelor of Science (BS),lpierson@tarleton.edu,Undergraduate Degree,https://apps.asha.org/eweb/ashadynamicpage.aspx?efk=aa12d6a6-6fcd-48bb-a39a-3c17979503a8&efp=976&site=ashacms&webcode=edfinddetail,
Texas Christian University: Bachelor of Science (BS),j.matzen@tcu.edu,Undergraduate Degree,https://apps.asha.org/eweb/ashadynamicpage.aspx?efk=3e9f2768-ac87-4e29-9a4f-cd0b98d8db02&efp=572&site=ashacms&webcode=edfinddetail,
University of Washington: Bachelor of Science (BS),shgradv@uw.edu,Undergraduate Degree,https://apps.asha.org/eweb/ashadynamicpage.aspx?efk=30c397b4-83dc-43fa-a37c-5f606ade7a7c&efp=331&site=ashacms&webcode=edfinddetail,
Eastern New Mexico University: Bachelor of Science (BS),suzanne.swift@enmu.edu,Undergraduate Degree,https://apps.asha.org/eweb/ashadynamicpage.aspx?efk=981efbe0-7ea5-409b-a513-853e050a5260&efp=1003&site=ashacms&webcode=edfinddetail,
University of North Texas: Bachelor of Science (BS),Erin.Schafer@unt.edu,Undergraduate Degree,https://apps.asha.org/eweb/ashadynamicpage.aspx?efk=c462a93b-ef84-4295-a146-5b6f581ecd22&efp=343&site=ashacms&webcode=edfinddetail,
Western Illinois University: Bachelor of Science (BS),spa@wiu.edu,Undergraduate Degree,https://apps.asha.org/eweb/ashadynamicpage.aspx?efk=83160332-9883-4eca-8bfb-01b32308ab8f&efp=38&site=ashacms&webcode=edfinddetail,
James Madison University: Bachelor of Arts (BA),routax@jmu.edu,Undergraduate Degree,https://apps.asha.org/eweb/ashadynamicpage.aspx?efk=0f6dff1e-213f-410f-8b0c-a55e2917e151&efp=1019&site=ashacms&webcode=edfinddetail,
James Madison University: Bachelor of Science (BS),routax@jmu.edu,Undergraduate Degree,https://apps.asha.org/eweb/ashadynamicpage.aspx?efk=0f6dff1e-213f-410f-8b0c-a55e2917e151&efp=1020&site=ashacms&webcode=edfinddetail,
Purdue University: Bachelor of Science (BS),slhsgradsec@purdue.edu,Undergraduate Degree,https://apps.asha.org/eweb/ashadynamicpage.aspx?efk=5c387fe3-5b57-4e0c-97c2-c0ebdc9db2ad&efp=653&site=ashacms&webcode=edfinddetail,
Touro University: Bachelor of Science (BS),hindy.lubinsky@touro.edu,Undergraduate Degree,https://apps.asha.org/eweb/ashadynamicpage.aspx?efk=16b8ec77-3aea-43ce-9f9e-daa73bdd6d3a&efp=266&site=ashacms&webcode=edfinddetail,
"University of Minnesota, Minneapolis: Bachelor of Arts (BA)",finestac@umn.edu,Undergraduate Degree,https://apps.asha.org/eweb/ashadynamicpage.aspx?efk=9c416a9a-abac-41ee-a398-e11ad6880f56&efp=619&site=ashacms&webcode=edfinddetail,
Augustana University: Bachelor of Arts (BA),,Undergraduate Degree,https://apps.asha.org/eweb/ashadynamicpage.aspx?efk=90a7cc01-8aef-468c-858e-7211e1d0d394&efp=53&site=ashacms&webcode=edfinddetail,
"California State University, Los Angeles: Bachelor of Arts (BA)",comd@calstatela.edu,Undergraduate Degree,https://apps.asha.org/eweb/ashadynamicpage.aspx?efk=b7ab6e80-f3bb-409a-b869-94b7e7fd0e37&efp=607&site=ashacms&webcode=edfinddetail,
East Carolina University: Bachelor of Science (BS),BrewerE14@ecu.edu,Undergraduate Degree,https://apps.asha.org/eweb/ashadynamicpage.aspx?efk=0042392a-b6c2-4cf8-b85b-b849d5be8a65&efp=461&site=ashacms&webcode=edfinddetail,
Elmira College: Bachelor of Science (BS),cthornton@elmira.edu,Undergraduate Degree,https://apps.asha.org/eweb/ashadynamicpage.aspx?efk=459b00a0-696c-4134-9352-c4be4b7a64e8&efp=1144&site=ashacms&webcode=edfinddetail,
Georgia Southern University: Bachelor of Science (BS),csds@georgiasouthern.edu,Undergraduate Degree,https://apps.asha.org/eweb/ashadynamicpage.aspx?efk=6399b960-2b1a-49e4-9760-739565a3f151&efp=1010&site=ashacms&webcode=edfinddetail,
"Indiana University, Bloomington: Bachelor of Arts (BA)",judander@iu.edu,Undergraduate Degree,https://apps.asha.org/eweb/ashadynamicpage.aspx?efk=23414501-7550-4bb2-a414-f03b1b8fa5f0&efp=326&site=ashacms&webcode=edfinddetail,
"Indiana University, Bloomington: Bachelor of Science (BS)",judander@iu.edu,Undergraduate Degree,https://apps.asha.org/eweb/ashadynamicpage.aspx?efk=23414501-7550-4bb2-a414-f03b1b8fa5f0&efp=953&site=ashacms&webcode=edfinddetail,
Kean University of New Jersey: Bachelor of Arts (BA),jcascia@kean.edu,Undergraduate Degree,https://apps.asha.org/eweb/ashadynamicpage.aspx?efk=c1455889-b03e-40b2-93d0-d18c35dc3e29&efp=1023&site=ashacms&webcode=edfinddetail,
Lamar University: Bachelor of Science (BS),lfelipe@lamar.edu,Undergraduate Degree,https://apps.asha.org/eweb/ashadynamicpage.aspx?efk=ad981e39-363a-4317-9170-eacde8d2a955&efp=375&site=ashacms&webcode=edfinddetail,
Lamar University: Other bachelor’s degree with a major in the field of communication sciences and disorders (Other),lfelipe@lamar.edu,Undergraduate Degree,https://apps.asha.org/eweb/ashadynamicpage.aspx?efk=ad981e39-363a-4317-9170-eacde8d2a955&efp=1145&site=ashacms&webcode=edfinddetail,
Springfield College: Bachelor of Science (BS),dburnett3@springfieldcollege.edu,Undergraduate Degree,https://apps.asha.org/eweb/ashadynamicpage.aspx?efk=2a368cc6-5df2-478c-8c3d-00a4fffb3546&efp=470&site=ashacms&webcode=edfinddetail,
SUNY at Buffalo: Bachelor of Arts (BA),cdsdept@buffalo.edu,Undergraduate Degree,https://apps.asha.org/eweb/ashadynamicpage.aspx?efk=8161403d-eda9-4a56-8e26-637dc71ab0f7&efp=1048&site=ashacms&webcode=edfinddetail,
"University of Arkansas, Fayetteville: Bachelor of Science (BS)",csdi@uark.edu,Undergraduate Degree,https://apps.asha.org/eweb/ashadynamicpage.aspx?efk=1786847c-6dc3-4317-bb9e-9f668ca8b788&efp=188&site=ashacms&webcode=edfinddetail,
University of Central Oklahoma: Bachelor of Science (BS),lsealey@uco.edu,Undergraduate Degree,https://apps.asha.org/eweb/ashadynamicpage.aspx?efk=78a8cd88-b340-419a-8dc9-def2265ba64c&efp=337&site=ashacms&webcode=edfinddetail,
University of Connecticut: Bachelor of Arts (BA),k.cienkowski@uconn.edu,Undergraduate Degree,https://apps.asha.org/eweb/ashadynamicpage.aspx?efk=3031fcbc-a6da-47fc-9c06-c4fad51fb203&efp=275&site=ashacms&webcode=edfinddetail,
University of Kansas: Bachelor of Arts (BA),lmelo@kumc.edu,Undergraduate Degree,https://apps.asha.org/eweb/ashadynamicpage.aspx?efk=c9bd252b-4a08-4fb2-a4c0-cb255bf4857a&efp=552&site=ashacms&webcode=edfinddetail,
University of Kansas: Bachelor of Science (BS),lmelo@kumc.edu,Undergraduate Degree,https://apps.asha.org/eweb/ashadynamicpage.aspx?efk=c9bd252b-4a08-4fb2-a4c0-cb255bf4857a&efp=1134&site=ashacms&webcode=edfinddetail,
"University of Massachusetts, Amherst: Bachelor of Science (BS)",spoissant@comdis.umass.edu,Undergraduate Degree,https://apps.asha.org/eweb/ashadynamicpage.aspx?efk=44960470-44be-4de6-b8f7-07ac88eef527&efp=91&site=ashacms&webcode=edfinddetail,
University of Scranton: Bachelor of Science (BS),hope.baylow@scranton.edu,Undergraduate Degree,https://apps.asha.org/eweb/ashadynamicpage.aspx?efk=9a15e6b4-338e-4eb8-957d-fa290476e8ac&efp=914&site=ashacms&webcode=edfinddetail,
University of South Dakota: Bachelor of Arts (BA),Lindsey.Jorgensen@usd.edu,Undergraduate Degree,https://apps.asha.org/eweb/ashadynamicpage.aspx?efk=67f8971c-7247-48e1-a738-05a1892f92c1&efp=108&site=ashacms&webcode=edfinddetail,
University of South Dakota: Bachelor of Science (BS),Lindsey.Jorgensen@usd.edu,Undergraduate Degree,https://apps.asha.org/eweb/ashadynamicpage.aspx?efk=67f8971c-7247-48e1-a738-05a1892f92c1&efp=911&site=ashacms&webcode=edfinddetail,
Faulkner University: Bachelor of Science (BS),aogburn@faulkner.edu,Undergraduate Degree,https://apps.asha.org/eweb/ashadynamicpage.aspx?efk=cef9137d-9aeb-463a-bb29-92bd7503557d&efp=1146&site=ashacms&webcode=edfinddetail,
Florida State University: Bachelor of Science (BS),Carla.Wood@cci.fsu.edu,Undergraduate Degree,https://apps.asha.org/eweb/ashadynamicpage.aspx?efk=46a191d6-e555-4e52-84ae-d801ab24c7a5&efp=905&site=ashacms&webcode=edfinddetail,
Louisiana Technical University: Bachelor of Arts (BA),bheiman@latech.edu,Undergraduate Degree,https://apps.asha.org/eweb/ashadynamicpage.aspx?efk=4e6b6de4-c3e5-45a4-96af-5b07d097f862&efp=368&site=ashacms&webcode=edfinddetail,
Northwestern University: Bachelor of Science (BS),k-riley@northwestern.edu,Undergraduate Degree,https://apps.asha.org/eweb/ashadynamicpage.aspx?efk=f76f82e7-3d0e-4ceb-bbc9-d1f63b679e47&efp=1147&site=ashacms&webcode=edfinddetail,
"University of Illinois, Urbana - Champaign: Bachelor of Science (BS)",smeents@illinois.edu,Undergraduate Degree,https://apps.asha.org/eweb/ashadynamicpage.aspx?efk=37cedaf1-7c1e-4e20-a930-fd05d4f6f972&efp=724&site=ashacms&webcode=edfinddetail,
University of Montevallo: Bachelor of Science (BS),murdocklc@montevallo.edu,Undergraduate Degree,https://apps.asha.org/eweb/ashadynamicpage.aspx?efk=f80d0a74-4c50-4b10-89ad-b7e30dcc702a&efp=60&site=ashacms&webcode=edfinddetail,
Wayne State University: Bachelor of Arts (BA),ad2122@wayne.edu,Undergraduate Degree,https://apps.asha.org/eweb/ashadynamicpage.aspx?efk=3dade870-9650-46f4-97a0-3fd838cdc677&efp=1088&site=ashacms&webcode=edfinddetail,
Wayne State University: Bachelor of Science (BS),ad2122@wayne.edu,Undergraduate Degree,https://apps.asha.org/eweb/ashadynamicpage.aspx?efk=3dade870-9650-46f4-97a0-3fd838cdc677&efp=1089&site=ashacms&webcode=edfinddetail,
Andrews University: Bachelor of Science (BS),speech@andrews.edu,Undergraduate Degree,https://apps.asha.org/eweb/ashadynamicpage.aspx?efk=8901274c-667a-470f-8563-7f814ec885a0&efp=1149&site=ashacms&webcode=edfinddetail,
Boston University: Bachelor of Science (BS),mmentis@bu.edu,Undergraduate Degree,https://apps.asha.org/eweb/ashadynamicpage.aspx?efk=b41a94c9-de21-41b0-a9eb-3da78915d062&efp=202&site=ashacms&webcode=edfinddetail,
Bradley University: Bachelor of Science (BS),aaalexander@bradley.edu,Undergraduate Degree,https://apps.asha.org/eweb/ashadynamicpage.aspx?efk=a26b4756-e41b-456b-8552-c51254e7c172&efp=1150&site=ashacms&webcode=edfinddetail,
Bridgewater State University: Bachelor of Science (BS),j6feeney@bridgew.edu,Undergraduate Degree,https://apps.asha.org/eweb/ashadynamicpage.aspx?efk=def3b100-f952-4e02-861c-6be4606a46a2&efp=1152&site=ashacms&webcode=edfinddetail,
DeSales University: Bachelor of Arts (BA),Susana.keller@desales.edu,Undergraduate Degree,https://apps.asha.org/eweb/ashadynamicpage.aspx?efk=66ee3293-fb75-4bbb-894e-9062b537a581&efp=947&site=ashacms&webcode=edfinddetail,
DeSales University: Bachelor of Science (BS),Susana.keller@desales.edu,Undergraduate Degree,https://apps.asha.org/eweb/ashadynamicpage.aspx?efk=66ee3293-fb75-4bbb-894e-9062b537a581&efp=946&site=ashacms&webcode=edfinddetail,
Geneva College: Bachelor of Arts (BA),sllayton@geneva.edu,Undergraduate Degree,https://apps.asha.org/eweb/ashadynamicpage.aspx?efk=2394d767-c2b9-4036-9084-08d66b76a545&efp=236&site=ashacms&webcode=edfinddetail,
Idaho State University: Bachelor of Science (BS),alyciacummings@isu.edu,Undergraduate Degree,https://apps.asha.org/eweb/ashadynamicpage.aspx?efk=181a0978-7cc4-4e36-9a12-2a6665cd5238&efp=514&site=ashacms&webcode=edfinddetail,
Indiana State University: Bachelor of Science (BS),vicki.hammen@indstate.edu,Undergraduate Degree,https://apps.asha.org/eweb/ashadynamicpage.aspx?efk=420573b5-dd06-4fce-9227-07d6bc7859e3&efp=474&site=ashacms&webcode=edfinddetail,
Indiana University of Pennsylvania: Bachelor of Science (BS),lprice@iup.edu,Undergraduate Degree,https://apps.asha.org/eweb/ashadynamicpage.aspx?efk=b97d183a-6d9a-4423-aca2-de6daa32831b&efp=651&site=ashacms&webcode=edfinddetail,
LIU Post: Bachelor of Science (BS),Catherine.crowley@liu.edu,Undergraduate Degree,https://apps.asha.org/eweb/ashadynamicpage.aspx?efk=fd954490-501a-4dac-a96d-98c9fa33b46e&efp=273&site=ashacms&webcode=edfinddetail,
"Minnesota State University, Moorhead: Bachelor of Science (BS)",pyleel@mnstate.edu,Undergraduate Degree,https://apps.asha.org/eweb/ashadynamicpage.aspx?efk=2bfc21e4-fe21-4063-b51c-b189896eeb42&efp=498&site=ashacms&webcode=edfinddetail,
New York University: Bachelor of Science (BS),Kelly.bridges@nyu.edu,Undergraduate Degree,https://apps.asha.org/eweb/ashadynamicpage.aspx?efk=9d1317ee-19b8-478a-9876-f4db6ac20dc9&efp=1034&site=ashacms&webcode=edfinddetail,
Oklahoma State University: Bachelor of Science (BS),sabiha.parveen@okstate.edu,Undergraduate Degree,https://apps.asha.org/eweb/ashadynamicpage.aspx?efk=05be12b3-89ce-4d8c-b452-4b5e1ee86872&efp=141&site=ashacms&webcode=edfinddetail,
Pennsylvania Western University: Bachelor of Science (BS),mbrydon@pennwest.edu,Undergraduate Degree,https://apps.asha.org/eweb/ashadynamicpage.aspx?efk=2159b7fd-0e5e-422a-8590-c1e7cc50f1f2&efp=971&site=ashacms&webcode=edfinddetail,
Portland State University: Bachelor of Science (BS),sphr@pdx.edu,Undergraduate Degree,https://apps.asha.org/eweb/ashadynamicpage.aspx?efk=72eee7d8-4c48-499f-98ce-e39084050ed6&efp=979&site=ashacms&webcode=edfinddetail,
St. Cloud State University: Bachelor of Science (BS),jamckenzie@stcloudstate.edu,Undergraduate Degree,https://apps.asha.org/eweb/ashadynamicpage.aspx?efk=591b36f9-8daf-460a-b177-753ae1513031&efp=68&site=ashacms&webcode=edfinddetail,
St. Xavier University: Bachelor of Arts (BA),gnunez@sxu.edu,Undergraduate Degree,https://apps.asha.org/eweb/ashadynamicpage.aspx?efk=9ffa3f25-9d50-4bd7-9243-3799065b46ee&efp=255&site=ashacms&webcode=edfinddetail,
Temple University: Bachelor of Arts (BA),ecar@temple.edu,Undergraduate Degree,https://apps.asha.org/eweb/ashadynamicpage.aspx?efk=24959224-3a07-4583-890d-7d2e8de13c78&efp=519&site=ashacms&webcode=edfinddetail,
University of Central Florida: Bachelor of Arts (BA),Ann.Eddins@ucf.edu,Undergraduate Degree,https://apps.asha.org/eweb/ashadynamicpage.aspx?efk=c4462928-2616-4352-a5c5-f46d0c2b007c&efp=1154&site=ashacms&webcode=edfinddetail,
University of Central Florida: Bachelor of Science (BS),Ann.Eddins@ucf.edu,Undergraduate Degree,https://apps.asha.org/eweb/ashadynamicpage.aspx?efk=c4462928-2616-4352-a5c5-f46d0c2b007c&efp=931&site=ashacms&webcode=edfinddetail,
University of Houston: Bachelor of Arts (BA),mtblake@uh.edu,Undergraduate Degree,https://apps.asha.org/eweb/ashadynamicpage.aspx?efk=f6c95c4f-ba12-496b-812a-ca9d5d7fef4d&efp=163&site=ashacms&webcode=edfinddetail,
University of Houston: Bachelor of Science (BS),mtblake@uh.edu,Undergraduate Degree,https://apps.asha.org/eweb/ashadynamicpage.aspx?efk=f6c95c4f-ba12-496b-812a-ca9d5d7fef4d&efp=935&site=ashacms&webcode=edfinddetail,
University of Montana: Bachelor of Arts (BA),Ginger.Collins@mso.umt.edu,Undergraduate Degree,https://apps.asha.org/eweb/ashadynamicpage.aspx?efk=0ca217d8-4ec9-406a-9cd9-f39252a0e929&efp=599&site=ashacms&webcode=edfinddetail,
University of Pittsburgh: Bachelor of Arts (BA),csdadmissions@shrs.pitt.edu,Undergraduate Degree,https://apps.asha.org/eweb/ashadynamicpage.aspx?efk=c5f8d956-db32-4d03-a91a-202c4f00dc9a&efp=487&site=ashacms&webcode=edfinddetail,
"University of Texas, Austin: Bachelor of Science (BS)",kelsey.hatton@austin.utexas.edu,Undergraduate Degree,https://apps.asha.org/eweb/ashadynamicpage.aspx?efk=3b859309-5e63-466d-8ee2-09fb428889f3&efp=660&site=ashacms&webcode=edfinddetail,
Arizona State University: Bachelor of Science (BS),iratiu@asu.edu,Undergraduate Degree,https://apps.asha.org/eweb/ashadynamicpage.aspx?efk=37813233-64e5-4e03-bea5-addab891e342&efp=317&site=ashacms&webcode=edfinddetail,
"Auburn University, Montgomery: Bachelor of Science (BS)",agodwin3@aum.edu,Undergraduate Degree,https://apps.asha.org/eweb/ashadynamicpage.aspx?efk=1fb9dce6-c1ae-4388-b906-52c608cc297d&efp=511&site=ashacms&webcode=edfinddetail,
Augustana College (IL): Bachelor of Arts (BA),karensheraden@augustana.edu,Undergraduate Degree,https://apps.asha.org/eweb/ashadynamicpage.aspx?efk=bb96e835-6e75-4c5d-9dd9-e81b83598534&efp=11&site=ashacms&webcode=edfinddetail,
Calvin University: Bachelor of Arts (BA),bmk24@calvin.edu,Undergraduate Degree,https://apps.asha.org/eweb/ashadynamicpage.aspx?efk=5d21be62-cefe-4015-b76c-f928ee347359&efp=543&site=ashacms&webcode=edfinddetail,
Case Western Reserve University: Bachelor of Arts (BA),kmm20@case.edu,Undergraduate Degree,https://apps.asha.org/eweb/ashadynamicpage.aspx?efk=22932ec4-8269-43b4-b05c-2bb988bcb990&efp=558&site=ashacms&webcode=edfinddetail,
Concordia University Wisconsin: Bachelor of Science (BS),elizabeth.eernisse@cuw.edu,Undergraduate Degree,https://apps.asha.org/eweb/ashadynamicpage.aspx?efk=97317e35-62c1-4542-bbcb-d5a10d7bf951&efp=322&site=ashacms&webcode=edfinddetail,
Grand Valley State University : Bachelor of Science (BS),smartje@gvsu.edu,Undergraduate Degree,https://apps.asha.org/eweb/ashadynamicpage.aspx?efk=073869fc-b251-4639-831a-4ef1f749c4f9&efp=550&site=ashacms&webcode=edfinddetail,
Hofstra University: Bachelor of Arts (BA),scott.r.schroeder@hofstra.edu,Undergraduate Degree,https://apps.asha.org/eweb/ashadynamicpage.aspx?efk=f0551cfa-7dc6-4bae-aa21-99f6e8efa3d9&efp=545&site=ashacms&webcode=edfinddetail,
Jackson State University: Bachelor of Science (BS),Whitney.d.perkins@jsums.edu,Undergraduate Degree,https://apps.asha.org/eweb/ashadynamicpage.aspx?efk=6532d80c-2932-47d3-a5b1-86377ad97535&efp=636&site=ashacms&webcode=edfinddetail,
Metropolitan State University of Denver: Bachelor of Arts (BA),slhs@msudenver.edu,Undergraduate Degree,https://apps.asha.org/eweb/ashadynamicpage.aspx?efk=35af450d-af9c-4efb-8429-c8098a9e74e1&efp=561&site=ashacms&webcode=edfinddetail,
Michigan State University: Bachelor of Science (BS),afarhad@msu.edu,Undergraduate Degree,https://apps.asha.org/eweb/ashadynamicpage.aspx?efk=6660b83b-260a-4804-b90c-c64cc7d0743d&efp=862&site=ashacms&webcode=edfinddetail,
Molloy University: Bachelor of Science (BS),salimonti@molloy.edu,Undergraduate Degree,https://apps.asha.org/eweb/ashadynamicpage.aspx?efk=1efe7cd0-e141-45d7-9efa-d6870efde589&efp=1031&site=ashacms&webcode=edfinddetail,
Mount Vernon Nazarene University: Bachelor of Science (BS),admissions@mvnu.edu,Undergraduate Degree,https://apps.asha.org/eweb/ashadynamicpage.aspx?efk=04f9ead6-f3c9-42ca-b464-3a34ef9308f5&efp=209&site=ashacms&webcode=edfinddetail,
Nazareth University: Bachelor of Science (BS),hpyke3@naz.edu,Undergraduate Degree,https://apps.asha.org/eweb/ashadynamicpage.aspx?efk=9e4736f3-3e38-4718-b2c5-9b723c8d3b3a&efp=678&site=ashacms&webcode=edfinddetail,
Nevada State University: Bachelor of Arts (BA),Phil.Weir-Mayta@nevadastate.edu,Undergraduate Degree,https://apps.asha.org/eweb/ashadynamicpage.aspx?efk=b9e1fc0a-3715-457c-b462-b4d07e263fc8&efp=720&site=ashacms&webcode=edfinddetail,
Northeastern University: Bachelor of Science (BS),s.younghong@northeastern.edu,Undergraduate Degree,https://apps.asha.org/eweb/ashadynamicpage.aspx?efk=dca87608-f726-456f-9219-7c00168b168a&efp=657&site=ashacms&webcode=edfinddetail,
Ohio University: Bachelor of Science (BS),benigno@ohio.edu,Undergraduate Degree,https://apps.asha.org/eweb/ashadynamicpage.aspx?efk=a7eca297-8ceb-4280-87b4-df5d8b4e5ff9&efp=173&site=ashacms&webcode=edfinddetail,
San Diego State University: Bachelor of Arts (BA),inip@sdsu.edu,Undergraduate Degree,https://apps.asha.org/eweb/ashadynamicpage.aspx?efk=83962615-99b4-4354-85c8-d72c6481cbbd&efp=426&site=ashacms&webcode=edfinddetail,
San Jose State University - SLP Program: Bachelor of Science (BS),communicative-disorders-sciences@sjsu.edu,Undergraduate Degree,https://apps.asha.org/eweb/ashadynamicpage.aspx?efk=6c11b735-71a4-4304-8989-e724202ce5c7&efp=1044&site=ashacms&webcode=edfinddetail,
St. John's University: Bachelor of Arts (BA),marting@stjohns.edu,Undergraduate Degree,https://apps.asha.org/eweb/ashadynamicpage.aspx?efk=f35fddfe-ae68-4f04-809d-8dd8205c6a97&efp=186&site=ashacms&webcode=edfinddetail,
SUNY at Cortland: Bachelor of Science (BS),deborah.sharp@cortland.edu,Undergraduate Degree,https://apps.asha.org/eweb/ashadynamicpage.aspx?efk=48923ea1-e705-49bf-ac6a-5acc68fe892d&efp=614&site=ashacms&webcode=edfinddetail,
SUNY at Fredonia: Bachelor of Science (BS),Kearns@Fredonia.edu,Undergraduate Degree,https://apps.asha.org/eweb/ashadynamicpage.aspx?efk=aa13866a-1a99-4cd4-b2c6-c828535280d6&efp=1157&site=ashacms&webcode=edfinddetail,
SUNY Buffalo State University: Bachelor of Science (BS),mcnernkm@buffalostate.edu,Undergraduate Degree,https://apps.asha.org/eweb/ashadynamicpage.aspx?efk=94027e67-340b-44da-bb9e-c70f62fafeec&efp=366&site=ashacms&webcode=edfinddetail,
Texas State University: Bachelor of Science (BS),ls12@txstate.edu,Undergraduate Degree,https://apps.asha.org/eweb/ashadynamicpage.aspx?efk=0d71d7ae-68fa-4b4c-8093-749b0ae0108b&efp=422&site=ashacms&webcode=edfinddetail,
The University of Texas Rio Grande Valley: Bachelor of Science (BS),donald.fuller@utrgv.edu,Undergraduate Degree,https://apps.asha.org/eweb/ashadynamicpage.aspx?efk=0e8aa7ca-6ad5-4ade-bc0b-23c7b365bbbc&efp=36&site=ashacms&webcode=edfinddetail,
Universidad Ana G. Mendez - Recinto de Gurabo: Bachelor of Science (BS),ut_gcrisson@uagm.edu,Undergraduate Degree,https://apps.asha.org/eweb/ashadynamicpage.aspx?efk=7121e471-dcc7-4a5c-b387-73fab0369c55&efp=667&site=ashacms&webcode=edfinddetail,
"University of Florida, Gainesville: Other bachelor’s degree with a major in the field of communication sciences and disorders (Other)",kwheeler@ufl.edu,Undergraduate Degree,https://apps.asha.org/eweb/ashadynamicpage.aspx?efk=11216134-3216-4e86-b748-72710dbc8d5c&efp=1060&site=ashacms&webcode=edfinddetail,
"University of Maryland, College Park: Bachelor of Arts (BA)",valerieb@umd.edu,Undergraduate Degree,https://apps.asha.org/eweb/ashadynamicpage.aspx?efk=89f93519-9cec-454e-8b79-9443da5dc612&efp=62&site=ashacms&webcode=edfinddetail,
University of New Hampshire: Bachelor of Science (BS),rae.sonnenmeier@unh.edu,Undergraduate Degree,https://apps.asha.org/eweb/ashadynamicpage.aspx?efk=4548407b-e160-4909-89e8-b4ec9f5d5b68&efp=630&site=ashacms&webcode=edfinddetail,
University of North Dakota: Bachelor of Arts (BA),und.csd@email.und.edu,Undergraduate Degree,https://apps.asha.org/eweb/ashadynamicpage.aspx?efk=614f5199-5726-4fe7-9b30-cd96354228b2&efp=440&site=ashacms&webcode=edfinddetail,
University of Texas at Dallas: Bachelor of Science (BS),jessica.carter@utdallas.edu,Undergraduate Degree,https://apps.asha.org/eweb/ashadynamicpage.aspx?efk=c7df0e76-86ca-4838-a1c2-6f6dfcf5ca01&efp=395&site=ashacms&webcode=edfinddetail,
University of Utah: Bachelor of Arts (BA),JulieB.Kraemer@hsc.utah.edu,Undergraduate Degree,https://apps.asha.org/eweb/ashadynamicpage.aspx?efk=9790b952-5912-4dd4-930a-148fd1d21abc&efp=1158&site=ashacms&webcode=edfinddetail,
University of Utah: Bachelor of Science (BS),JulieB.Kraemer@hsc.utah.edu,Undergraduate Degree,https://apps.asha.org/eweb/ashadynamicpage.aspx?efk=9790b952-5912-4dd4-930a-148fd1d21abc&efp=494&site=ashacms&webcode=edfinddetail,
Adelphi University: Bachelor of Science (BS),scox@adelphi.edu,Undergraduate Degree,https://apps.asha.org/eweb/ashadynamicpage.aspx?efk=51433380-f8b3-4700-afc8-a4a550bccbc2&efp=743&site=ashacms&webcode=edfinddetail,
"California State University, East Bay: Bachelor of Science (BS)",Michelle.Gravier@csueastbay.edu,Undergraduate Degree,https://apps.asha.org/eweb/ashadynamicpage.aspx?efk=2f9192df-b6d2-4225-ab35-cf667921dcdc&efp=602&site=ashacms&webcode=edfinddetail,
Cleveland State University: Bachelor of Arts (BA),csdprogram@csuohio.edu,Undergraduate Degree,https://apps.asha.org/eweb/ashadynamicpage.aspx?efk=7c50a820-6e0f-456c-bc56-5fc95f592393&efp=1160&site=ashacms&webcode=edfinddetail,
East Texas Baptist University: Bachelor of Science (BS),apmumy@etbu.edu,Undergraduate Degree,https://apps.asha.org/eweb/ashadynamicpage.aspx?efk=3ade633c-7f86-4342-9cbe-08cc827ea364&efp=1001&site=ashacms&webcode=edfinddetail,
Eastern Kentucky University: Bachelor of Science (BS),jade.robinson@eku.edu,Undergraduate Degree,https://apps.asha.org/eweb/ashadynamicpage.aspx?efk=e5bbcff1-b3c9-4518-8f0e-1eb0cbe7246f&efp=642&site=ashacms&webcode=edfinddetail,
George Washington University: Bachelor of Arts (BA),jessica.jocelyn@gwu.edu,Undergraduate Degree,https://apps.asha.org/eweb/ashadynamicpage.aspx?efk=2222b61c-4432-413e-bb06-3a50a32ad609&efp=1007&site=ashacms&webcode=edfinddetail,
George Washington University: Bachelor of Science (BS),jessica.jocelyn@gwu.edu,Undergraduate Degree,https://apps.asha.org/eweb/ashadynamicpage.aspx?efk=2222b61c-4432-413e-bb06-3a50a32ad609&efp=1008&site=ashacms&webcode=edfinddetail,
Kent State University: Bachelor of Science (BS),coflanni@kent.edu,Undergraduate Degree,https://apps.asha.org/eweb/ashadynamicpage.aspx?efk=9374b828-0511-4616-b6ec-7bef12326a8c&efp=1024&site=ashacms&webcode=edfinddetail,
Lewis University: Bachelor of Science (BS),tveale@lewisu.edu,Undergraduate Degree,https://apps.asha.org/eweb/ashadynamicpage.aspx?efk=78f9a473-7f8e-4f6c-a323-d9952250b87b&efp=1025&site=ashacms&webcode=edfinddetail,
Mount St. Joseph University: Bachelor of Science (BS),erin.sizemore@msj.edu,Undergraduate Degree,https://apps.asha.org/eweb/ashadynamicpage.aspx?efk=5debacb6-d7ae-494e-8981-9384774fe974&efp=823&site=ashacms&webcode=edfinddetail,
Northeastern State University: Bachelor of Science (BS),thoma175@nsuok.edu,Undergraduate Degree,https://apps.asha.org/eweb/ashadynamicpage.aspx?efk=a7b8183c-401f-4cbb-8334-7f8688d3ad9b&efp=1164&site=ashacms&webcode=edfinddetail,
San Francisco State University: Bachelor of Science (BS),slhsinfo@sfsu.edu,Undergraduate Degree,https://apps.asha.org/eweb/ashadynamicpage.aspx?efk=77ebb710-002f-49fe-984c-eb8f3aa7a9ac&efp=541&site=ashacms&webcode=edfinddetail,
Texas Woman's University: Bachelor of Science (BS),coms@mail.twu.edu,Undergraduate Degree,https://apps.asha.org/eweb/ashadynamicpage.aspx?efk=0ba86720-af14-44b5-af90-2287c078c11a&efp=399&site=ashacms&webcode=edfinddetail,
"University of Colorado, Boulder: Bachelor of Arts (BA)",Christine.brennan@colorado.edu,Undergraduate Degree,https://apps.asha.org/eweb/ashadynamicpage.aspx?efk=97f3f395-bb83-4c55-bb5f-f6192d0dfd21&efp=638&site=ashacms&webcode=edfinddetail,
"University of Maine, Orono: Bachelor of Arts (BA)",um.csd@maine.edu,Undergraduate Degree,https://apps.asha.org/eweb/ashadynamicpage.aspx?efk=ab40eb8d-869b-412b-bb3f-e014fcb57714&efp=1065&site=ashacms&webcode=edfinddetail,
"University of Nevada, Reno: Bachelor of Science (BS)",tbrancamp@med.unr.edu,Undergraduate Degree,https://apps.asha.org/eweb/ashadynamicpage.aspx?efk=cb5e374e-69fa-41c0-bcfe-35a2c0965ae2&efp=197&site=ashacms&webcode=edfinddetail,
University of Northern Iowa: Bachelor of Arts (BA),Jennifer.Garrett@uni.edu,Undergraduate Degree,https://apps.asha.org/eweb/ashadynamicpage.aspx?efk=8579b2c4-8e47-4af3-9e52-a8be2d75093d&efp=442&site=ashacms&webcode=edfinddetail,
University of Tulsa: Bachelor of Science (BS),Suzanne-stanton@utulsa.edu,Undergraduate Degree,https://apps.asha.org/eweb/ashadynamicpage.aspx?efk=f6b3bfb9-84d2-4572-9c56-8b06a2475b54&efp=1168&site=ashacms&webcode=edfinddetail,
"University of Wisconsin, River Falls: Bachelor of Science (BS)",Sarah.Smits@uwrf.edu,Undergraduate Degree,https://apps.asha.org/eweb/ashadynamicpage.aspx?efk=31164840-035e-47e5-8c79-93d41c1966b4&efp=705&site=ashacms&webcode=edfinddetail,
Western Kentucky University: Bachelor of Science (BS),shannon.bridges@wku.edu,Undergraduate Degree,https://apps.asha.org/eweb/ashadynamicpage.aspx?efk=482c3b88-a4c4-4a8c-9395-a36a80d0182c&efp=161&site=ashacms&webcode=edfinddetail,
"California State University, Sacramento: Bachelor of Science (BS)",Heather.thompson@csus.edu,Undergraduate Degree,https://apps.asha.org/eweb/ashadynamicpage.aspx?efk=a22eaf94-2b34-464e-8b9c-d9941752d77d&efp=995&site=ashacms&webcode=edfinddetail,
College of New Jersey: Bachelor of Science (BS),jmi@tcnj.edu,Undergraduate Degree,https://apps.asha.org/eweb/ashadynamicpage.aspx?efk=45aba40e-6566-44a5-ba0a-cfedc9be1cd4&efp=999&site=ashacms&webcode=edfinddetail,
Saint Louis University: Bachelor of Science (BS),travis.threats@health.slu.edu,Undergraduate Degree,https://apps.asha.org/eweb/ashadynamicpage.aspx?efk=f33d5047-e696-4a75-b3ea-8f75b57f4bf4&efp=73&site=ashacms&webcode=edfinddetail,
West Virginia University: Bachelor of Science (BS),jayne.brandel@mail.wvu.edu,Undergraduate Degree,https://apps.asha.org/eweb/ashadynamicpage.aspx?efk=5b53cf3c-8bb4-4df8-bb63-7445e3d70712&efp=695&site=ashacms&webcode=edfinddetail,
